code,return_pct,mdd_pct,trades,closed_trades,winning_trades,open_trades,win_rate_pct,buy_hold_pct
1309,87.10900262328553,-14.716979692567056,3,3,2,0,66.66666666666666,26.932718486342754
1409,46.45876222846219,-18.151815638572156,8,8,3,0,37.5,65.36167301304603
1310,35.090218104692816,-14.657911321410054,5,4,2,1,50.0,7.953228748476748
1455,32.34787665166123,-19.459698129195914,5,5,3,0,60.0,29.955334901207962
1314,23.926783210787583,-14.801755334386657,7,6,3,1,50.0,13.781542433896732
1313,13.462141336072753,-13.825258550071794,7,6,3,1,50.0,25.135345130218624
1517,12.94560414655379,-7.4744410670743555,2,2,2,0,100.0,-6.88200127560179
1323,12.753753527999079,-15.000502605551025,4,3,2,1,66.66666666666666,8.896210353843848
1414,10.388770655670033,-10.374281459206502,7,7,1,0,14.285714285714285,-11.551245566105683
1514,9.493423819971003,-20.045656389046574,5,5,1,0,20.0,3.9392534491338393
1342,8.251782015932264,-14.961649329751992,4,4,2,0,50.0,10.584906286299223
1444,7.305685093310665,-9.358286196259147,4,3,1,1,33.33333333333333,14.278666152963426
1513,7.259130029267502,-14.901889676013768,6,5,2,1,40.0,11.014346223298466
1443,5.054716034380502,-6.891780625495003,9,9,4,0,44.44444444444444,-17.693776168376786
1527,4.6792174086609295,-8.56814440325573,10,9,4,1,44.44444444444444,0.9453067839866547
1210,3.9634968173102303,-5.89313284481573,9,9,3,0,33.33333333333333,0.39049746268429164
1521,3.148989245558842,-18.026196410906124,6,5,2,1,40.0,7.770104340092088
2330,2.2965166784554736,-19.46140501104644,13,12,3,1,25.0,59.832528036615344
1466,2.1663974894335025,-14.811620078610288,4,4,1,0,25.0,1.8662253785689087
1445,1.650754838139501,-13.435718202334535,4,4,1,0,25.0,-24.110053783356456
1477,0.13062513897070804,-12.726365032553344,5,5,1,0,20.0,-34.293150333064546
1526,0.0,0.0,0,0,0,0,0.0,-10.970896323485313
1528,-0.22230497653711323,-8.31353949371627,2,2,1,0,50.0,6.980080559116297
1216,-0.2930270190959039,-7.610592323798093,7,7,4,0,57.14285714285714,-6.257706122629447
1326,-0.32508967948761125,-14.586140215802901,3,3,1,0,33.33333333333333,121.71429375296867
1438,-0.3394020486578775,-6.117760148465101,4,4,2,0,50.0,-31.411979594037266
1465,-0.3890584916361184,-10.556474165818885,6,6,3,0,50.0,-7.344447200992366
1503,-1.0134054155892747,-22.380974381113038,5,5,1,0,20.0,15.20540582610954
1515,-1.5651117849459162,-7.064458059636902,2,2,1,0,50.0,5.753817937221251
1475,-1.731833295552243,-4.948565002515181,7,7,3,0,42.857142857142854,-14.505659572894603
1227,-1.8182907702716022,-5.241897634719073,4,4,2,0,50.0,-7.83838714199403
1218,-1.8605862027908593,-4.839599884081059,7,6,1,1,16.666666666666664,-21.068203320986367
1417,-1.9313675846949985,-4.491037296959355,6,5,1,1,20.0,-9.793445796498801
1319,-1.9832944705681976,-3.76825375462142,2,2,1,0,50.0,-20.52838685465812
1449,-2.6050498323872184,-17.964644587210078,5,5,2,0,40.0,9.62371334393415
1440,-2.879740782635609,-18.33105812968355,6,6,2,0,33.33333333333333,-0.2090120454513733
1402,-2.8919793207765943,-7.098651033405002,8,8,3,0,37.5,0.3098597334431741
1232,-3.012927428211809,-6.167669322451619,8,8,2,0,25.0,5.243657098978782
1439,-3.448049654016727,-14.632804579933612,7,6,1,1,16.666666666666664,-3.2530464920625723
1504,-3.6420980522356095,-6.44025886689824,2,2,0,0,0.0,-17.508533123933844
1102,-3.6653427277664408,-11.596802524068062,7,7,2,0,28.57142857142857,-4.474937759684261
1506,-3.70325578134042,-19.395445764925135,6,6,2,0,33.33333333333333,-15.561095944980007
1437,-4.11617590519302,-5.5654627817271045,4,4,0,0,0.0,-9.084943837823701
1217,-4.464283603180396,-6.991920310684119,8,7,2,1,28.57142857142857,-5.886349264297374
1460,-4.820480323519483,-9.217320176368515,6,6,1,0,16.666666666666664,-3.3890076642496103
1446,-4.839876974686142,-8.489980887563863,7,7,2,0,28.57142857142857,-26.803732916970812
1464,-4.899434958570604,-10.766191006297976,8,7,3,1,42.857142857142854,-10.120893559655897
1305,-5.059803555703879,-12.03645827461357,2,2,0,0,0.0,13.942350484152222
1416,-5.246702715382357,-12.739915441424854,10,10,3,0,30.0,-1.4160944663599295
1324,-5.284809601141904,-14.942878211374177,7,6,3,1,50.0,-4.810546088240509
1236,-5.392373912121274,-5.98373360936455,2,2,1,0,50.0,0.39820235415743976
1303,-5.541297117141775,-16.43835429219359,2,2,0,0,0.0,329.3706994434815
1339,-5.6460831722247695,-8.78272951724247,6,6,2,0,33.33333333333333,-4.299598355136968
1109,-5.667427289785898,-7.076196890148867,7,7,1,0,14.285714285714285,-15.015498076531264
1213,-5.780119670062167,-12.905420533870815,6,6,2,0,33.33333333333333,-31.66368222839021
1474,-5.7916744582937945,-5.7916744582937945,4,3,0,1,0.0,-5.955455517304076
1463,-5.923344455232504,-9.535442176034959,7,7,1,0,14.285714285714285,-6.730843208305359
1307,-5.93279192344196,-13.807245568367199,10,9,2,1,22.22222222222222,-3.0618184610182175
1524,-6.111230020412394,-6.111230020412394,3,3,0,0,0.0,-8.217881911912228
1315,-6.312741636689301,-8.798898964191103,8,8,2,0,25.0,6.229381273983958
1225,-6.405427062857083,-17.119833619732606,6,6,1,0,16.666666666666664,-15.731583707239615
1418,-6.517341827476741,-9.811035145054081,9,9,2,0,22.22222222222222,-7.846284947331361
1419,-6.64043700940643,-16.588426925411614,6,6,2,0,33.33333333333333,-2.076897812223766
1516,-6.902683467665449,-9.084982268756958,3,3,0,0,0.0,-42.26067194656877
1337,-7.300402569791298,-8.702828243806493,4,4,0,0,0.0,-8.247478513019002
1108,-7.455399926314721,-8.534979905069594,4,4,0,0,0.0,-26.1009004154528
1104,-7.730724400376177,-8.563533149382685,9,9,2,0,22.22222222222222,-12.016990819959716
1434,-8.103242254492415,-11.67483526742773,7,6,1,1,16.666666666666664,13.085514139622578
1471,-8.16454523010548,-10.195069878441954,2,2,0,0,0.0,7.264457069546459
1341,-8.168173937430323,-9.78829652401867,9,9,3,0,33.33333333333333,-5.2417775557651485
1304,-8.23497992185307,-13.698347279347377,5,4,1,1,25.0,13.746036902676062
1441,-8.29811209140886,-8.29811209140886,6,6,1,0,16.666666666666664,-19.214198123365776
1220,-8.30773435209725,-11.531609573476143,7,6,1,1,16.666666666666664,-13.759756967883263
1453,-8.393505724031868,-11.346571935107052,5,5,0,0,0.0,-11.010993605047158
1451,-8.526620763826765,-11.166836077469444,9,9,3,0,33.33333333333333,-2.020812602021027
1233,-8.808883921413614,-10.412953465159791,12,11,2,1,18.181818181818183,-13.282135806646334
1231,-8.893322140667848,-9.067141311640103,9,9,3,0,33.33333333333333,-11.238043048038149
1436,-9.144939688729337,-9.144939688729337,3,3,0,0,0.0,-45.93308423055129
1467,-9.32508387287394,-9.32508387287394,1,1,0,0,0.0,20.19136753018076
1447,-9.425349063303257,-10.838935215496592,2,1,0,1,0.0,21.076267078818045
1219,-9.713965411182402,-11.565192868776464,8,8,1,0,12.5,-16.048855416451737
1452,-9.818395373964917,-9.818395373964917,5,5,0,0,0.0,-9.851748225558477
1256,-9.83188451160223,-11.569505133571544,4,4,1,0,25.0,12.850404389960502
1325,-9.856804657479323,-12.725348704751383,6,6,1,0,16.666666666666664,-13.861740837522895
1410,-9.991336274987006,-11.191742365319236,4,4,0,0,0.0,-30.17567831963708
1476,-10.624112370530558,-17.054899165951998,6,6,1,0,16.666666666666664,-28.492622463184013
1512,-11.031675150310448,-11.031675150310448,2,2,0,0,0.0,-17.44337713272547
1522,-11.03631623388851,-20.442893088668512,5,4,1,1,25.0,-43.31458449408881
1321,-11.170985750980012,-13.548154943956048,11,10,1,1,10.0,-8.633467102536684
1301,-11.377345602380828,-18.17521086941487,4,4,2,0,50.0,72.77612699183413
1525,-11.906931279224898,-13.018104934601627,9,9,2,0,22.22222222222222,-1.8172309736711356
1470,-12.30444366081601,-15.381640239133532,9,8,2,1,25.0,6.828420011122693
1473,-12.364039255960469,-21.14477838348877,6,6,1,0,16.666666666666664,-22.451600307815077
1423,-12.474636884699253,-18.38235348212066,13,12,4,1,33.33333333333333,-10.027365712021952
1435,-12.952531091099784,-19.834702804824133,3,3,0,0,0.0,-1.498339622651268
1432,-12.953548113516366,-13.76682760583261,4,3,0,1,0.0,-18.56073008232235
1338,-13.263201754595933,-17.102688776134002,6,5,1,1,20.0,-26.822243969859105
1215,-13.305610644863252,-18.56395368523569,6,6,1,0,16.666666666666664,-21.217642218329445
1529,-13.349556762525406,-19.914537348889084,3,3,0,0,0.0,-7.134867972257086
1472,-13.752453605780456,-16.240248718640192,12,12,2,0,16.666666666666664,-1.1490302455364643
1234,-13.783383759691203,-14.81479608951527,7,7,0,0,0.0,-13.901140182114046
1308,-13.963921519356237,-13.963921519356237,6,6,0,0,0.0,8.0119352764352
1468,-14.089027110244546,-15.484448527670402,10,9,1,1,11.11111111111111,9.35741410248012
1101,-14.10834672006872,-15.812712104221415,11,10,2,1,20.0,7.931107026750328
1316,-14.299537511500105,-14.346894598623084,3,3,0,0,0.0,-31.44855960026215
1103,-14.784754192443739,-15.567949281419102,11,10,1,1,10.0,-5.9291048621963665
1201,-15.053890439789475,-15.370024197568155,11,11,1,0,9.090909090909092,-21.082277073707733
1235,-15.479432677090976,-19.517118214154692,6,6,0,0,0.0,-26.871688613004896
1203,-16.184918832609963,-18.670668971345727,11,11,3,0,27.27272727272727,7.294072033206511
1454,-17.972537223109985,-17.972537223109985,8,8,0,0,0.0,-8.173162182889616
1229,-18.266083194615646,-19.994124948335703,10,10,2,0,20.0,-14.695732935210959
1413,-18.401223908647335,-18.401223908647335,8,8,0,0,0.0,-8.695714379500108
1312,-18.47788424542449,-29.261112533892366,4,4,1,0,25.0,25.8698348916274
1519,-19.37574703964463,-19.991788614213323,4,4,0,0,0.0,-1.7203485033826849
1457,-19.462961523807877,-19.62921404632857,11,10,0,1,0.0,-9.992605735933635
1110,-19.624116269128912,-19.995920180971527,11,11,1,0,9.090909090909092,-14.059204780919499
1459,-19.922112083791344,-33.197057161842544,11,10,1,1,10.0,15.710140673845864
1442,-21.000450751943735,-23.616971561740876,9,9,1,0,11.11111111111111,-10.626170579908212
1340,-21.625146994445554,-22.913086816252026,7,6,0,1,0.0,-31.668008441722073
1456,-29.55807990245277,-31.46379093652151,10,10,1,0,10.0,14.593821682103458
