code,variant,return_pct,mdd_pct,trades,win_rate_pct,buy_hold_pct
2330,baseline,-5.1,-19.21,18,0.0,59.49
2330,trend,-2.27,-16.85,12,0.0,59.49
2330,trend_slope,0.79,-14.25,11,0.0,59.49
2330,trend_rsi,-8.2,-16.85,12,0.0,59.49
2330,trend_volume,1.23,-12.26,6,0.0,59.49
2330,trend_breakout,1.42,-15.79,8,0.0,59.49
2330,combo,-8.37,-15.27,6,0.0,59.49
2317,baseline,10.11,-13.14,10,0.0,8.41
2317,trend,-1.72,-15.87,6,0.0,8.41
2317,trend_slope,1.87,-11.59,5,0.0,8.41
2317,trend_rsi,6.47,-14.55,6,0.0,8.41
2317,trend_volume,-5.97,-18.39,5,0.0,8.41
2317,trend_breakout,1.32,-16.05,5,0.0,8.41
2317,combo,-1.18,-9.57,4,0.0,8.41
2382,baseline,-18.99,-21.92,15,0.0,21.72
2382,trend,-30.65,-30.65,12,0.0,21.72
2382,trend_slope,-29.41,-29.63,11,0.0,21.72
2382,trend_rsi,-23.44,-23.75,11,0.0,21.72
2382,trend_volume,-26.65,-26.8,8,0.0,21.72
2382,trend_breakout,-12.09,-13.52,5,0.0,21.72
2382,combo,-29.52,-30.82,8,0.0,21.72
2454,baseline,104.5,-24.93,13,7.69,239.31
2454,trend,38.13,-24.09,10,0.0,239.31
2454,trend_slope,34.29,-25.05,10,0.0,239.31
2454,trend_rsi,-20.03,-21.83,8,0.0,239.31
2454,trend_volume,40.63,-28.38,6,0.0,239.31
2454,trend_breakout,23.25,-35.57,7,0.0,239.31
2454,combo,-30.02,-31.6,7,0.0,239.31
3711,baseline,11.34,-36.31,15,0.0,177.87
3711,trend,-3.34,-38.82,11,9.09,177.87
3711,trend_slope,7.8,-33.53,9,0.0,177.87
3711,trend_rsi,4.05,-32.6,9,11.11,177.87
3711,trend_volume,21.28,-25.73,7,0.0,177.87
3711,trend_breakout,14.47,-24.95,7,0.0,177.87
3711,combo,22.76,-18.84,5,0.0,177.87
3231,baseline,-3.91,-16.06,11,0.0,21.38
3231,trend,-1.08,-17.12,6,0.0,21.38
3231,trend_slope,-1.08,-17.12,6,0.0,21.38
3231,trend_rsi,6.91,-8.76,4,0.0,21.38
3231,trend_volume,0.63,-15.68,5,0.0,21.38
3231,trend_breakout,-14.69,-20.03,5,0.0,21.38
3231,combo,-1.08,-17.12,6,0.0,21.38
6669,baseline,27.92,-27.36,10,0.0,37.31
6669,trend,7.2,-24.11,8,0.0,37.31
6669,trend_slope,14.23,-20.1,6,0.0,37.31
6669,trend_rsi,-3.31,-21.0,6,0.0,37.31
6669,trend_volume,-16.97,-28.85,6,0.0,37.31
6669,trend_breakout,12.72,-14.94,4,0.0,37.31
6669,combo,-7.26,-14.78,4,0.0,37.31
2303,baseline,44.27,-28.6,9,11.11,213.07
2303,trend,56.59,-18.09,5,0.0,213.07
2303,trend_slope,61.11,-16.74,4,0.0,213.07
2303,trend_rsi,64.08,-18.09,5,0.0,213.07
2303,trend_volume,61.11,-16.74,4,0.0,213.07
2303,trend_breakout,52.09,-18.29,4,0.0,213.07
2303,combo,68.81,-16.74,4,0.0,213.07
3034,baseline,-7.64,-24.0,21,14.29,44.25
3034,trend,-18.02,-24.47,16,12.5,44.25
3034,trend_slope,-20.63,-28.37,14,14.29,44.25
3034,trend_rsi,-18.02,-24.47,16,12.5,44.25
3034,trend_volume,-14.4,-18.88,11,0.0,44.25
3034,trend_breakout,-4.99,-13.89,6,16.67,44.25
3034,combo,-21.73,-27.34,10,0.0,44.25
2379,baseline,-13.88,-31.57,17,5.88,53.69
2379,trend,-6.45,-23.37,10,10.0,53.69
2379,trend_slope,-1.81,-23.37,10,10.0,53.69
2379,trend_rsi,-6.45,-23.37,10,10.0,53.69
2379,trend_volume,-15.76,-18.15,6,16.67,53.69
2379,trend_breakout,-20.31,-23.33,5,0.0,53.69
2379,combo,-17.53,-26.65,7,14.29,53.69
